日期,假期名稱,,補班日期
2021/1/1,元旦,,2021/2/20
2021/1/2,元旦,,2021/6/20
2021/1/3,元旦,,2021/9/11
2021/2/10,農曆春節,,
2021/2/11,農曆春節,,
2021/2/12,農曆春節,,
2021/2/13,農曆春節,,
2021/2/14,農曆春節,,
2021/2/15,農曆春節,,
2021/2/16,農曆春節,,
2021/2/27,228,,
2021/2/28,228,,
2021/3/1,228,,
2021/4/2,婦幼節,,
2021/4/3,婦幼節,,
2021/4/4,婦幼節,,
2021/4/5,婦幼節,,
2021/4/30,勞動節,,
2021/5/1,勞動節,,
2021/5/2,勞動節,,
2021/6/12,端午節,,
2021/6/13,端午節,,
2021/6/14,端午節,,
2021/9/18,中秋節,,
2021/9/19,中秋節,,
2021/9/20,中秋節,,
2021/9/21,中秋節,,
2021/10/9,國慶日,,
2021/10/10,國慶日,,
2021/10/11,國慶日,,
2021/12/31,元旦,,
2022/1/1,元旦,,
2022/1/2,元旦,,
